Account,Campaign,Ad group,Ad type,Final URL,Headline 1,Headline 2,Headline 3,Headline 4,Headline 5,Headline 6,Headline 7,Headline 8,Headline 9,Headline 10,Headline 11,Headline 12,Headline 13,Headline 14,Headline 15,Description 1,Description 2,Description 3,Description 4
323-230-6543,DE | Search | Autoankauf | Franken | V4,Autoankauf Nürnberg,Responsive search ad,https://frankenautoankauf24.de/autoankauf/nuernberg,Autoankauf Nürnberg,Wir Kaufen Jedes Auto,Angebot In 24 Stunden,Sofortige Auszahlung,Kein Inserat Nötig,Kostenlose Abholung,Direkt Verkaufen,Fair & Transparent,Heute Auto Verkaufen,Anfrage In 1 Minute,Abholung In Der Region,Auch Mit Schäden,Bar Oder Überweisung,Ohne Stress Verkaufen,Jetzt Angebot Erhalten,Auto in Nürnberg schnell verkaufen. Wir kaufen alle Fahrzeuge - auch mit Schäden.,"Kein Inserat, keine Probefahrten, kein Stress. Jetzt Anfrage senden!",Kostenlose Abholung und sofortige Auszahlung in Nürnberg und Umgebung.,"Auch ohne TÜV, mit Motorschaden oder nach Unfall. Faire Bewertung!"
323-230-6543,DE | Search | Autoankauf | Franken | V4,Autoankauf Erlangen Fürth,Responsive search ad,https://frankenautoankauf24.de/autoankauf/erlangen,Autoankauf Erlangen,Autoankauf Fürth,Wir Kaufen Ihr Auto,Angebot In 24 Stunden,Sofortige Auszahlung,Kostenlose Abholung,Regional In Franken,Auch Mit Mängeln,Schnelle Abwicklung,Faire Preise,Ohne Verhandlungsstress,Direkt Verkaufen,Jetzt Anfrage Senden,Bar Auszahlung,Heute Noch Verkaufen,Verkaufen Sie Ihr Auto in Erlangen oder Fürth schnell und unkompliziert.,Wir kaufen auch Fahrzeuge mit Mängeln. Faire Bewertung garantiert.,Regionale Abwicklung mit kostenloser Abholung in Erlangen-Höchstadt.,Jetzt Auto verkaufen ohne Stress. Sofortige Auszahlung möglich!
323-230-6543,DE | Search | Autoankauf | Franken | V4,Autoankauf Bamberg,Responsive search ad,https://frankenautoankauf24.de/autoankauf/bamberg,Autoankauf Bamberg,Auto Verkaufen Bamberg,Wir Kaufen Direkt An,Angebot In 24 Stunden,Sofortige Auszahlung,Kostenlose Abholung,Auch Forchheim,Oberfranken Ankauf,Faire Bewertung,Schnelle Abwicklung,Kein Inserat Nötig,Direkt In Der Region,Jetzt Angebot Erhalten,Bar Auszahlung,Ohne Stress,Auto in Bamberg und Oberfranken direkt verkaufen. Schnelle Abwicklung!,Wir kaufen alle Fahrzeuge - auch mit Schäden oder ohne TÜV.,Kostenlose Abholung in Bamberg und Umgebung. Faire Preise!,Jetzt Anfrage senden und Angebot in 24 Stunden erhalten.
323-230-6543,DE | Search | Autoankauf | Franken | V4,Autoankauf Bayreuth Hof,Responsive search ad,https://frankenautoankauf24.de/autoankauf/bayreuth,Autoankauf Bayreuth,Autoankauf Hof,Oberfranken Ankauf,Angebot In 24 Stunden,Sofortige Auszahlung,Kostenlose Abholung,Wir Kaufen Direkt,Auch Kulmbach Coburg,Faire Bewertung,Schnelle Abwicklung,Direkt Verkaufen,Ohne Inserat,Jetzt Angebot Erhalten,Bar Oder Überweisung,Regional In Franken,Auto in Bayreuth oder Hof schnell verkaufen. Faire Preise garantiert!,Wir kaufen auch schwierige Fahrzeuge. Kostenlose Abholung möglich.,Oberfranken: Bayreuth Hof Kulmbach Coburg - wir kommen zu Ihnen!,Jetzt Anfrage senden und sofortiges Angebot erhalten.
323-230-6543,DE | Search | Autoankauf | Franken | V4,Autoankauf Würzburg,Responsive search ad,https://frankenautoankauf24.de/autoankauf/wuerzburg,Autoankauf Würzburg,Auto Verkaufen Würzburg,Unterfranken Ankauf,Angebot In 24 Stunden,Sofortige Auszahlung,Kostenlose Abholung,Wir Kaufen Direkt,Faire Bewertung,Schnelle Abwicklung,Regional In Franken,Kein Inserat Nötig,Auch Mit Mängeln,Jetzt Angebot Erhalten,Bar Auszahlung,Ohne Stress,Auto in Würzburg und Unterfranken schnell verkaufen. Faire Preise!,Wir kaufen alle Fahrzeuge - auch mit Schäden oder ohne TÜV.,Kostenlose Abholung in Würzburg und Umgebung. Sofortige Auszahlung!,Jetzt Anfrage senden und Angebot in 24 Stunden erhalten.
323-230-6543,DE | Search | Autoankauf | Franken | V4,Autoankauf Schweinfurt,Responsive search ad,https://frankenautoankauf24.de/autoankauf/schweinfurt,Autoankauf Schweinfurt,Unterfranken Ankauf,Wir Kaufen Ihr Auto,Angebot In 24 Stunden,Sofortige Auszahlung,Kostenlose Abholung,Auch Bad Kissingen,Faire Bewertung,Schnelle Abwicklung,Direkt Verkaufen,Kein Inserat Nötig,Regional In Franken,Jetzt Anfrage Senden,Bar Auszahlung,Ohne Stress,Auto in Schweinfurt und Umgebung schnell verkaufen. Faire Preise!,Wir kaufen alle Fahrzeuge direkt an. Keine Verhandlungen nötig.,Kostenlose Abholung in Schweinfurt Bad Kissingen Haßfurt.,Jetzt Anfrage senden und sofortiges Angebot erhalten.
323-230-6543,DE | Search | Autoankauf | Franken | V4,Autoankauf Regensburg,Responsive search ad,https://frankenautoankauf24.de/autoankauf/regensburg,Autoankauf Regensburg,Auto Verkaufen Regensburg,Oberpfalz Ankauf,Angebot In 24 Stunden,Sofortige Auszahlung,Kostenlose Abholung,Wir Kaufen Direkt,Auch Neumarkt Amberg,Faire Bewertung,Schnelle Abwicklung,Kein Inserat Nötig,Regional,Jetzt Angebot Erhalten,Bar Auszahlung,Ohne Stress,Auto in Regensburg und Oberpfalz schnell verkaufen. Faire Preise!,Wir kaufen alle Fahrzeuge - auch mit Schäden oder ohne TÜV.,Kostenlose Abholung in Regensburg Neumarkt Amberg. Sofortige Zahlung!,Jetzt Anfrage senden und Angebot in 24 Stunden erhalten.
323-230-6543,DE | Search | Autoankauf | Franken | V4,Autoankauf Ingolstadt,Responsive search ad,https://frankenautoankauf24.de/autoankauf/ingolstadt,Autoankauf Ingolstadt,Auto Verkaufen Ingolstadt,Wir Kaufen Direkt An,Angebot In 24 Stunden,Sofortige Auszahlung,Kostenlose Abholung,Audi Stadt Ankauf,Faire Bewertung,Schnelle Abwicklung,Auch Mit Mängeln,Kein Inserat Nötig,Direkt Verkaufen,Jetzt Angebot Erhalten,Bar Auszahlung,Premium Ankauf,Auto in Ingolstadt schnell verkaufen. Wir kaufen auch Audi direkt an!,Faire Preise für alle Marken. Sofortige Auszahlung bei Übergabe.,Kostenlose Abholung in Ingolstadt und Umgebung. Kein Stress!,Jetzt Anfrage senden und Angebot in 24 Stunden erhalten.
323-230-6543,DE | Search | Autoankauf | Franken | V4,Autoankauf Franken Allgemein,Responsive search ad,https://frankenautoankauf24.de,Autoankauf Franken,Auto Verkaufen Bayern,Wir Kaufen Jedes Auto,Angebot In 24 Stunden,Sofortige Auszahlung,Kostenlose Abholung,Ganz Franken,Mittelfranken,Oberfranken,Unterfranken,Faire Bewertung,Schnelle Abwicklung,Jetzt Angebot Erhalten,Bar Auszahlung,Ohne Stress,Auto in ganz Franken schnell verkaufen. Wir kommen zu Ihnen!,Von Nürnberg bis Würzburg - wir kaufen Ihr Auto direkt an.,Kostenlose Abholung in ganz Franken. Sofortige Auszahlung!,Jetzt Anfrage senden und Angebot in 24 Stunden erhalten.
323-230-6543,DE | Search | Autoankauf | Franken | V4,Auto Sofort Verkaufen,Responsive search ad,https://frankenautoankauf24.de/auto-verkaufen-sofort,Auto Sofort Verkaufen,Schnell Verkaufen,Heute Noch Verkaufen,Sofortige Auszahlung,Angebot In 24 Stunden,Express Verkauf,Keine Zeit Verlieren,Dringende Fälle,Wir Kaufen Direkt,Schnelle Terminfindung,Kostenlose Abholung,Ohne Inserat,Jetzt Sofort Anfragen,Bar Auszahlung,Kein Stress,Sie müssen Ihr Auto schnell verkaufen? Wir melden uns sofort!,Direkter Ankauf ohne Inserat und ohne endlose Verhandlungen.,"Schnelle Abwicklung, Zahlung bei Übergabe und flexible Abholung.",Auch bei Zeitdruck: Fahrzeugdaten senden und Angebot erhalten.
323-230-6543,DE | Search | Autoankauf | Franken | V4,Unfallwagen Ankauf,Responsive search ad,https://frankenautoankauf24.de/auto-verkaufen/unfallwagen,Unfallwagen Verkaufen,Unfallauto Ankauf,Wir Kaufen Trotz Unfall,Angebot In 24 Stunden,Sofortige Auszahlung,Kostenlose Abholung,Auch Nicht Fahrbereit,Unfallschaden Ankauf,Faire Bewertung,Keine Nachverhandlung,Jetzt Anfrage Senden,Bar Auszahlung,Schnell Verkaufen,Direkt Ankauf,Kein Stress,Unfallwagen direkt verkaufen. Wir kaufen auch stark beschädigte Fahrzeuge.,"Keine Probefahrten, kein Verhandlungsstress. Faire Bewertung!",Kostenlose Abholung möglich - auch wenn das Fahrzeug nicht fahrbereit ist.,Auch bei größerem Schaden prüfen wir Ihr Fahrzeug fair.
323-230-6543,DE | Search | Autoankauf | Franken | V4,Motorschaden Ankauf,Responsive search ad,https://frankenautoankauf24.de/auto-verkaufen/motorschaden,Auto Mit Motorschaden,Motorschaden Ankauf,Trotz Defekt Verkaufen,Angebot In 24 Stunden,Sofortige Auszahlung,Kein Inserat Nötig,Auch Nicht Fahrbereit,Kostenlose Abholung,Motorschaden? Kein Problem,Faire Bewertung,Keine Nachverhandlung,Jetzt Anfrage Senden,Bar Auszahlung,Schnell Loswerden,Getriebeschaden,Auto mit Motorschaden schnell verkaufen. Wir kaufen defekte Fahrzeuge an.,"Kein Reparaturstress, kein Inserat und keine endlosen Gespräche.","Schnelle Antwort, Auszahlung bei Übergabe und flexible Abholung.",Auch bei Getriebeschaden oder starkem Defekt: faire Bewertung!
323-230-6543,DE | Search | Autoankauf | Franken | V4,Auto Ohne TÜV,Responsive search ad,https://frankenautoankauf24.de/auto-verkaufen/ohne-tuev,Auto Ohne TÜV Verkaufen,Ohne TÜV Ankauf,Wir Kaufen Trotz Mangel,Angebot In 24 Stunden,Sofortige Auszahlung,Auch Alte Autos,Kein Inserat Nötig,Kostenlose Abholung,Ohne TÜV? Kein Problem,Faire Bewertung,Jetzt Anfrage Senden,Bar Auszahlung,Schnell Verkaufen,HU Abgelaufen,Keine Nachverhandlung,Auto ohne TÜV schnell verkaufen. Wir kaufen direkt an!,"Kein Inserat, keine Probefahrten und keine langen Verhandlungen.",Schnelle Abwicklung mit Auszahlung bei Übergabe und Abholung.,Auch wenn HU abgelaufen oder Mängel vorhanden: Jetzt Angebot anfordern.
323-230-6543,DE | Search | Autoankauf | Franken | V4,Gebrauchtwagen Export,Responsive search ad,https://frankenautoankauf24.de,Gebrauchtwagen Export,Auto Export Verkaufen,Fahrzeug Export,Angebot In 24 Stunden,Sofortige Auszahlung,Wir Kaufen Direkt,Alle Marken,Alle Modelle,Kostenlose Abholung,Faire Bewertung,Export Ankauf,Jetzt Anfrage Senden,Bar Auszahlung,Schnelle Abwicklung,Unkompliziert,Auto für Export verkaufen. Wir kaufen alle Fahrzeuge direkt an.,Alle Marken und Modelle willkommen. Faire Preise garantiert.,Schnelle Abwicklung mit sofortiger Auszahlung bei Übergabe.,Kostenlose Abholung in ganz Franken. Jetzt Anfrage senden!
323-230-6543,DE | Search | Autoankauf | Franken | V4,Premium Marken Ankauf,Responsive search ad,https://frankenautoankauf24.de,BMW Ankauf,Mercedes Ankauf,Audi Ankauf,Premium Auto Verkaufen,Top Preise,Angebot In 24 Stunden,Sofortige Auszahlung,Porsche Ankauf,VW Ankauf,Faire Bewertung,Kostenlose Abholung,Jetzt Anfrage Senden,Direkt Verkaufen,Bar Auszahlung,Marken Experten,BMW Mercedes Audi direkt verkaufen. Top Preise für Premium-Fahrzeuge!,Wir sind Experten für deutsche Premium-Marken. Faire Bewertung!,Kostenlose Abholung und sofortige Auszahlung bei Übergabe.,Auch Porsche und VW: Jetzt Anfrage senden und Angebot erhalten.
